node_id,qsvm_score,label
N0004,0.056369357,0
N0234,0.057400172,0
N0137,0.05826823,0
N4321,0.061631945,0
N0890,0.060167097,0
N2341,0.172037634,1
N3021,0.114149133,1
N0245,0.170789729,1
N0642,0.113444184,1
N2176,0.057454425,0
N2563,0.171278541,1
N0923,0.116536134,1
N0543,0.057888455,0
N5321,0.115939995,1
N0854,0.057617189,0
N0952,0.05843099,1
N4213,0.062174481,1
N2190,0.057671443,0
